               epoch,      train/box_loss,      train/obj_loss,      train/cls_loss,   metrics/precision,      metrics/recall,     metrics/mAP_0.5,metrics/mAP_0.5:0.95,        val/box_loss,        val/obj_loss,        val/cls_loss,               x/lr0,               x/lr1,               x/lr2,  metrics/banana_mAP,metrics/broccoli_mAP,metrics/egg carton_mAP,    metrics/eggs_mAP,    metrics/milk_mAP, metrics/yoghurt_mAP,metrics/banana_mAP_50,metrics/broccoli_mAP_50,metrics/egg carton_mAP_50, metrics/eggs_mAP_50, metrics/milk_mAP_50,metrics/yoghurt_mAP_50
                   0,             0.10333,            0.045289,            0.048538,           0.0072948,             0.51695,            0.019388,           0.0090111,            0.037097,            0.017478,            0.023727,              0.0766,              0.0026,              0.0026,            0.029148,           0.0018969,           0.0015562,           0.0079126,           0.0074668,           0.0060859,            0.051403,           0.0047008,           0.0015562,            0.023233,            0.021162,            0.014271
                   1,            0.073562,            0.047297,            0.035886,              0.2211,             0.38406,             0.13648,            0.067248,            0.030832,            0.022031,            0.016068,            0.052248,           0.0052475,           0.0052475,            0.065428,             0.16169,           0.0066052,            0.057194,            0.064858,            0.047717,             0.14966,             0.25957,            0.019017,             0.16785,             0.10134,             0.12142
                   2,            0.062666,             0.04115,            0.029825,             0.31249,             0.26818,             0.18241,            0.082641,            0.030365,            0.012433,            0.014753,            0.027842,           0.0078416,           0.0078416,             0.11049,             0.14452,                   0,            0.079887,             0.10882,            0.052128,             0.25723,              0.2881,                   0,             0.15469,             0.27246,             0.12201
                   3,            0.063974,             0.03881,            0.024232,             0.38347,             0.33942,             0.27778,             0.15522,            0.033662,            0.011924,             0.01124,            0.009703,            0.009703,            0.009703,             0.15141,             0.31567,             0.00608,             0.20011,            0.079408,             0.17863,             0.34856,             0.51589,            0.011342,             0.35315,             0.22012,             0.21759
                   4,            0.057406,            0.039166,            0.019691,             0.48761,             0.35252,             0.31521,             0.16505,            0.026418,            0.011451,            0.012026,            0.009703,            0.009703,            0.009703,             0.17146,              0.3362,            0.018554,             0.11673,             0.14295,             0.20439,              0.3761,             0.60802,            0.031094,             0.21278,             0.33796,             0.32528
                   5,            0.050998,            0.036309,            0.017338,             0.41998,             0.41521,             0.30723,             0.14831,            0.025614,            0.010741,           0.0062841,            0.009604,            0.009604,            0.009604,              0.1302,             0.32219,           0.0073823,               0.156,             0.19624,            0.077854,             0.37842,             0.55414,            0.013085,             0.32411,             0.40906,             0.16454
                   6,            0.049116,            0.033615,            0.015268,             0.53461,             0.54082,             0.45048,             0.19961,            0.024717,            0.012847,            0.005244,            0.009505,            0.009505,            0.009505,             0.31047,             0.41003,           0.0021611,             0.14117,             0.17958,             0.15422,             0.71286,             0.79411,            0.010815,             0.30373,             0.42942,             0.45195
                   7,            0.048168,            0.033948,            0.015281,             0.69216,             0.45523,             0.48017,             0.25515,            0.020455,            0.010017,           0.0061705,            0.009406,            0.009406,            0.009406,             0.24557,             0.39407,             0.01073,              0.3006,             0.25046,             0.32947,             0.50294,              0.7238,            0.027319,             0.56968,             0.46766,             0.58961
                   8,            0.044214,             0.03525,            0.012787,             0.70754,             0.54757,             0.57352,             0.29551,            0.017993,           0.0097089,            0.005397,            0.009307,            0.009307,            0.009307,             0.35284,              0.2928,            0.012583,             0.45723,             0.34442,             0.31319,             0.71349,             0.67719,            0.020156,             0.83406,             0.57166,             0.62455
                   9,            0.042856,            0.034518,            0.011785,              0.6406,             0.57062,             0.53813,             0.27547,            0.019399,            0.008678,           0.0041215,            0.009208,            0.009208,            0.009208,             0.32495,             0.37563,            0.019352,              0.2619,             0.34236,             0.32865,              0.7205,             0.70942,             0.02985,             0.53831,             0.58725,             0.64343
                  10,            0.040116,            0.035255,            0.012301,             0.71456,             0.52055,             0.55984,             0.30668,            0.017697,            0.009849,           0.0045718,            0.009109,            0.009109,            0.009109,              0.2872,             0.49764,            0.018235,             0.38506,             0.28899,             0.36295,             0.66105,             0.85274,            0.029621,             0.56418,             0.55577,             0.69566
                  11,            0.037805,            0.031197,            0.012498,             0.73953,             0.50804,             0.53811,             0.27539,            0.018887,           0.0084424,           0.0045853,             0.00901,             0.00901,             0.00901,             0.30479,              0.4705,            0.013447,              0.3374,             0.33578,             0.19045,             0.61811,             0.81542,            0.021788,             0.64225,             0.58718,             0.54391
                  12,            0.038644,            0.032676,           0.0097661,             0.67471,             0.49986,             0.53997,             0.29185,              0.0167,           0.0095492,           0.0046271,            0.008911,            0.008911,            0.008911,             0.23291,             0.43736,            0.020232,              0.4482,             0.27253,             0.33988,             0.44385,             0.70835,            0.051293,             0.81956,             0.51148,             0.70527
                  13,            0.035877,             0.03349,            0.013904,             0.81797,             0.44277,             0.56281,             0.30688,            0.017521,            0.010452,           0.0095204,            0.008812,            0.008812,            0.008812,             0.23885,             0.44085,            0.015463,             0.46786,             0.31641,             0.36182,             0.57204,             0.82039,            0.037785,             0.68752,             0.60774,              0.6514
                  14,            0.035811,            0.029871,            0.011481,             0.66133,             0.38911,             0.44699,             0.24943,            0.021257,            0.010676,           0.0073871,            0.008713,            0.008713,            0.008713,              0.2573,             0.40353,            0.018529,              0.3432,             0.24851,              0.2255,             0.48856,             0.67317,            0.024848,             0.56245,             0.46843,              0.4645
                  15,            0.033437,            0.030667,            0.013716,             0.69507,             0.39903,             0.48425,             0.28931,            0.016523,            0.009241,           0.0073909,            0.008614,            0.008614,            0.008614,             0.20134,             0.46029,           0.0060235,             0.50034,              0.2923,             0.27557,             0.42679,             0.72459,            0.010764,             0.62162,             0.53945,             0.58225
                  16,            0.036051,            0.029841,            0.012526,             0.65517,             0.53621,             0.59189,             0.36787,            0.016288,           0.0084158,           0.0045085,            0.008515,            0.008515,            0.008515,             0.29421,             0.54855,            0.013222,             0.67086,             0.32632,             0.35404,             0.56572,             0.84052,            0.021308,             0.85369,             0.54997,             0.72012
                  17,            0.033528,            0.032244,            0.010182,             0.66597,             0.59067,              0.5755,             0.35753,            0.015957,           0.0088138,           0.0042815,            0.008416,            0.008416,            0.008416,             0.30451,             0.60522,            0.015881,             0.62398,             0.34511,             0.25046,             0.60215,             0.83163,            0.037008,             0.86453,             0.55502,             0.56264
                  18,            0.033545,            0.031587,           0.0099152,             0.74611,             0.57204,             0.62038,             0.34329,              0.0148,            0.010275,            0.003875,            0.008317,            0.008317,            0.008317,             0.31486,             0.52397,            0.016539,              0.6452,               0.236,             0.32319,             0.67962,             0.90906,            0.032097,             0.82929,             0.55596,             0.71623
                  19,            0.033184,            0.029156,            0.012769,             0.73145,              0.4525,              0.5212,               0.275,            0.014192,           0.0093417,           0.0046066,            0.008218,            0.008218,            0.008218,             0.29847,             0.22934,            0.015098,             0.66249,              0.2269,             0.21773,             0.64999,             0.46363,            0.054157,             0.90784,             0.50456,             0.54703
                  20,             0.03273,            0.031148,           0.0087601,              0.7403,             0.47145,             0.53256,             0.27093,            0.016621,           0.0093516,           0.0036044,            0.008119,            0.008119,            0.008119,             0.27876,             0.31599,            0.036126,             0.60114,             0.26725,             0.12634,             0.54217,             0.66014,             0.13694,              0.8943,             0.60088,             0.36095
                  21,            0.031416,            0.030538,           0.0084682,              0.7395,             0.53119,             0.56317,             0.34446,            0.017208,           0.0087278,           0.0040158,             0.00802,             0.00802,             0.00802,             0.25811,             0.37795,            0.031858,             0.59629,             0.37792,             0.42462,             0.47961,              0.5863,            0.080102,             0.85869,             0.62384,             0.75049
                  22,            0.031801,            0.030706,           0.0090043,             0.76988,             0.58232,             0.61097,             0.35839,            0.016646,           0.0085611,           0.0035776,            0.007921,            0.007921,            0.007921,             0.30866,              0.4105,            0.017816,             0.64682,             0.39618,             0.37036,             0.60879,             0.86082,            0.035118,             0.85285,             0.61906,             0.68921
                  23,            0.031212,            0.027937,            0.010047,             0.72161,             0.54146,               0.585,              0.3057,            0.016422,           0.0093267,           0.0037263,            0.007822,            0.007822,            0.007822,             0.33396,             0.41472,            0.011311,             0.54664,             0.21692,             0.31063,             0.66681,             0.85535,            0.035385,             0.79019,             0.47805,             0.68424
                  24,            0.031282,            0.028812,            0.011236,             0.71004,             0.54194,             0.58373,             0.34125,            0.016389,           0.0091124,            0.003813,            0.007723,            0.007723,            0.007723,             0.32104,             0.44339,            0.010569,             0.67858,             0.27741,             0.31647,             0.67804,             0.75333,            0.027267,              0.9119,             0.53287,             0.59898
                  25,            0.030725,            0.028093,           0.0082465,             0.76977,             0.56972,              0.6008,             0.38089,            0.015804,           0.0085561,            0.003316,            0.007624,            0.007624,            0.007624,             0.35694,             0.54505,            0.013676,              0.7482,             0.27902,             0.34244,             0.67477,             0.83465,            0.024467,             0.94216,             0.55803,              0.5707
                  26,            0.029087,            0.027184,           0.0078799,             0.64205,             0.56437,             0.53943,             0.33219,            0.014646,           0.0096182,            0.003616,            0.007525,            0.007525,            0.007525,             0.30533,             0.48609,            0.011002,             0.62233,              0.3666,             0.20177,             0.62819,             0.74794,            0.020724,             0.83811,             0.60739,             0.39425
                  27,            0.028953,            0.027834,            0.009287,             0.69414,             0.53045,               0.563,             0.31065,            0.014598,            0.009503,           0.0038983,            0.007426,            0.007426,            0.007426,               0.247,             0.29066,            0.019361,             0.57939,             0.47089,             0.25661,             0.58951,             0.65169,             0.04468,             0.83569,             0.62931,             0.62709
                  28,            0.030657,            0.027421,           0.0073023,             0.52861,             0.55606,             0.58633,             0.33462,            0.012994,           0.0094293,            0.003872,            0.007327,            0.007327,            0.007327,             0.31859,             0.43108,            0.013153,             0.58451,             0.37544,             0.28497,              0.5838,             0.74667,            0.068564,             0.90241,             0.59918,             0.61734
                  29,            0.030043,            0.028495,           0.0082548,             0.58732,             0.56041,             0.61223,              0.3809,            0.014242,           0.0084714,           0.0035778,            0.007228,            0.007228,            0.007228,             0.31255,             0.51421,            0.010541,             0.70827,             0.42585,               0.314,             0.61221,             0.74391,            0.016696,              0.9514,             0.70879,             0.64037
                  30,            0.028402,             0.02917,           0.0066976,             0.85028,             0.51327,             0.63128,             0.37757,            0.015206,           0.0086317,           0.0032046,            0.007129,            0.007129,            0.007129,             0.37562,             0.47643,            0.016163,              0.6187,             0.45351,             0.32501,             0.63567,             0.78356,            0.027636,             0.92921,             0.70345,             0.70816
                  31,            0.029425,            0.028083,           0.0075118,             0.49415,             0.59656,             0.58974,             0.35783,            0.014452,           0.0093486,           0.0029903,             0.00703,             0.00703,             0.00703,             0.36245,             0.40042,            0.049363,             0.70704,             0.37264,             0.25508,              0.6431,             0.71215,             0.10335,             0.90941,             0.56672,             0.60372
                  32,            0.027646,             0.02627,           0.0065641,             0.63237,             0.59124,             0.61628,             0.36583,            0.014279,           0.0087147,            0.003431,            0.006931,            0.006931,            0.006931,             0.32843,             0.42491,             0.01511,             0.67393,             0.41399,             0.33859,              0.6531,             0.76401,            0.022301,             0.92003,             0.65295,             0.68532
                  33,            0.027353,            0.026324,           0.0057575,             0.58178,             0.52588,             0.58098,             0.34193,            0.014519,           0.0089435,           0.0038867,            0.006832,            0.006832,            0.006832,             0.32898,             0.37172,            0.027491,             0.66288,              0.3519,             0.30861,             0.61463,             0.69218,            0.046429,             0.89847,             0.63915,             0.59505
                  34,            0.028705,            0.026199,           0.0064037,             0.72454,             0.56677,             0.57862,             0.30669,            0.014937,           0.0093148,           0.0038325,            0.006733,            0.006733,            0.006733,             0.30459,             0.25435,            0.012727,             0.62766,               0.355,             0.28582,             0.56847,             0.60137,            0.017727,             0.90834,             0.71414,             0.66166
                  35,            0.027698,            0.028024,           0.0061055,             0.76475,             0.52043,             0.58576,             0.36785,             0.01489,           0.0089794,           0.0035088,            0.006634,            0.006634,            0.006634,             0.31077,             0.44669,            0.018707,             0.68388,             0.44241,             0.30462,             0.66796,             0.60897,            0.030264,             0.93723,             0.71627,             0.55386
                  36,            0.026735,            0.028821,           0.0066705,              0.7341,             0.54001,             0.58406,             0.37449,            0.015339,           0.0092346,           0.0032457,            0.006535,            0.006535,            0.006535,             0.38755,             0.38458,            0.008499,             0.71011,              0.5437,             0.21249,             0.68935,             0.69468,            0.015375,             0.90691,             0.74227,             0.45574
                  37,            0.026964,            0.025215,           0.0061026,             0.72367,             0.58093,             0.61028,             0.37523,            0.014622,           0.0087431,           0.0026169,            0.006436,            0.006436,            0.006436,             0.38115,             0.43777,            0.026811,             0.74752,             0.43837,             0.21974,             0.77517,              0.7683,            0.051976,             0.95114,             0.67753,             0.43754
                  38,            0.027407,            0.025943,           0.0058802,             0.67179,             0.56831,             0.62689,              0.4004,            0.014299,           0.0086566,           0.0029338,            0.006337,            0.006337,            0.006337,             0.40651,             0.49093,            0.093804,             0.75434,              0.4306,             0.22625,             0.72246,             0.75099,             0.22435,              0.9625,             0.64696,             0.45411
                  39,            0.025794,            0.026859,           0.0062167,             0.81412,             0.56985,             0.62768,             0.38924,            0.013977,           0.0082089,           0.0028269,            0.006238,            0.006238,            0.006238,             0.39609,              0.5375,            0.018394,              0.7861,             0.37766,             0.21971,             0.73947,             0.84731,            0.038421,             0.97935,             0.65962,             0.50189
                  40,            0.025358,            0.025311,           0.0058831,             0.73945,             0.58227,             0.61545,              0.3817,            0.013802,           0.0088514,           0.0031944,            0.006139,            0.006139,            0.006139,             0.37966,             0.54708,            0.031776,             0.75878,             0.28823,             0.28466,             0.73403,             0.79539,            0.051488,             0.95361,             0.66136,              0.4968
                  41,            0.025944,            0.025579,           0.0049885,             0.74297,             0.60574,             0.66856,             0.38764,            0.014737,           0.0079473,            0.003035,             0.00604,             0.00604,             0.00604,             0.37171,              0.4125,            0.082766,             0.72449,             0.42289,             0.31151,             0.76832,             0.72748,             0.19694,             0.89703,             0.70557,             0.71602
                  42,            0.026026,            0.025058,           0.0060712,             0.80246,             0.58439,             0.67057,              0.4102,            0.013139,           0.0081867,           0.0027949,            0.005941,            0.005941,            0.005941,             0.33953,             0.50754,            0.039558,             0.74565,             0.46643,             0.36251,             0.68476,             0.87455,             0.10094,             0.91235,             0.70576,             0.74509
                  43,            0.026713,            0.025003,            0.006197,             0.65523,              0.6729,             0.68797,             0.42992,            0.011932,           0.0078186,           0.0027089,            0.005842,            0.005842,            0.005842,             0.38147,             0.54192,             0.18577,             0.77202,             0.45916,             0.23919,               0.664,             0.82377,              0.4175,             0.95089,             0.70773,             0.56394
                  44,            0.025001,            0.025748,           0.0053288,             0.67473,             0.66596,             0.67689,             0.38311,            0.013268,           0.0083759,           0.0028741,            0.005743,            0.005743,            0.005743,             0.37268,             0.37535,             0.13495,             0.68485,             0.45208,             0.27876,             0.68164,              0.7515,             0.39535,             0.90332,             0.67366,             0.65588
                  45,            0.026165,            0.025921,             0.00537,              0.5679,             0.67969,             0.65823,             0.41657,            0.011955,           0.0077626,           0.0026549,            0.005644,            0.005644,            0.005644,             0.36184,             0.50197,            0.078524,             0.77471,             0.47479,             0.30759,             0.66771,             0.83712,             0.20995,             0.96022,             0.69806,             0.57634
                  46,            0.026068,            0.026866,           0.0047743,             0.62246,             0.65091,             0.70085,             0.42108,            0.012834,           0.0086444,           0.0026787,            0.005545,            0.005545,            0.005545,             0.36811,             0.40885,             0.27111,              0.7492,             0.38609,             0.34311,             0.61434,             0.75946,             0.56786,             0.93219,             0.67239,             0.65888
                  47,            0.024186,            0.023873,           0.0061567,             0.52506,             0.60342,             0.65355,             0.41843,            0.013025,           0.0088177,           0.0025023,            0.005446,            0.005446,            0.005446,             0.41579,             0.49483,            0.093383,             0.77925,             0.46054,             0.26678,             0.74442,             0.70964,             0.16192,             0.95859,             0.72922,             0.61749
                  48,            0.024708,            0.024091,           0.0043612,             0.60412,             0.70103,             0.68883,             0.43561,            0.013109,           0.0081683,           0.0024135,            0.005347,            0.005347,            0.005347,             0.42401,             0.49216,             0.16194,             0.79318,             0.52664,             0.21574,             0.69695,             0.77713,             0.31325,              0.9752,             0.75633,             0.61411
                  49,            0.023773,             0.02515,           0.0046943,             0.69216,              0.6763,             0.71987,             0.43416,            0.013703,           0.0076346,           0.0023648,            0.005248,            0.005248,            0.005248,             0.40713,             0.47327,              0.1225,             0.82138,              0.5654,             0.21529,             0.67735,             0.86374,             0.41578,             0.98406,             0.78076,             0.59753
                  50,            0.022688,            0.023378,           0.0039183,             0.73316,              0.6583,             0.74488,             0.42045,            0.013865,           0.0080241,           0.0027783,            0.005149,            0.005149,            0.005149,             0.39265,             0.42402,             0.18822,             0.75824,             0.52059,             0.23901,              0.7604,             0.80615,             0.48437,             0.91763,             0.79585,             0.70486
                  51,            0.023339,            0.024726,           0.0048059,             0.79865,             0.60762,             0.73617,             0.44452,            0.012193,           0.0082988,           0.0027452,             0.00505,             0.00505,             0.00505,             0.38842,             0.53571,             0.17852,             0.75351,             0.47765,             0.33329,              0.6884,             0.80246,             0.46313,             0.94857,             0.76776,              0.7467
                  52,             0.02315,            0.023952,           0.0049469,             0.63881,             0.66576,             0.67984,             0.46123,            0.011815,           0.0075125,           0.0029481,            0.004951,            0.004951,            0.004951,             0.43478,             0.58939,             0.16859,             0.84303,             0.49504,             0.23655,             0.70772,             0.87613,               0.195,             0.98884,             0.71793,              0.5934
                  53,            0.023187,            0.023923,           0.0048688,              0.8197,             0.55528,             0.64874,             0.41108,            0.011884,           0.0087905,           0.0024705,            0.004852,            0.004852,            0.004852,             0.40337,             0.49863,             0.10462,             0.75838,             0.37869,             0.32281,             0.70459,             0.79857,             0.13611,             0.90447,             0.64847,             0.70023
                  54,            0.022562,            0.025253,            0.005073,             0.78849,             0.54133,             0.61737,             0.37474,            0.013705,           0.0093623,           0.0026588,            0.004753,            0.004753,            0.004753,             0.41349,             0.38128,            0.070521,             0.70434,             0.42167,             0.25713,             0.67453,             0.79024,             0.10317,              0.8929,              0.7157,             0.52771
                  55,             0.02271,            0.023238,           0.0052401,              0.7876,             0.58007,             0.71415,             0.44724,            0.012993,           0.0084344,           0.0022678,            0.004654,            0.004654,            0.004654,             0.41429,             0.47887,             0.29581,             0.72108,             0.49951,             0.27389,             0.68325,             0.77971,             0.52538,             0.92622,               0.736,             0.63437
                  56,            0.022295,            0.022508,           0.0049322,             0.61877,             0.76032,              0.7457,             0.44954,            0.014481,           0.0084895,           0.0020446,            0.004555,            0.004555,            0.004555,             0.40368,             0.46209,             0.27723,             0.74897,             0.51512,             0.29017,             0.72205,             0.86382,             0.57563,             0.95908,             0.76584,             0.58778
                  57,             0.02213,            0.023051,           0.0057713,             0.55959,             0.75297,             0.66588,             0.41247,             0.01301,            0.008659,           0.0024118,            0.004456,            0.004456,            0.004456,             0.37507,             0.46988,             0.14347,             0.75122,             0.44536,             0.28982,             0.69259,             0.78698,              0.2862,             0.95159,             0.72675,             0.55115
                  58,             0.02259,            0.023654,           0.0041243,             0.69734,             0.62607,              0.7283,             0.46123,            0.012302,           0.0081996,           0.0024503,            0.004357,            0.004357,            0.004357,             0.40942,             0.49612,             0.30936,             0.78444,              0.4685,             0.29954,              0.6873,             0.85171,               0.573,             0.97752,             0.70577,              0.5745
                  59,             0.02196,            0.025058,           0.0040527,              0.6803,             0.64206,             0.70159,              0.4579,            0.012592,           0.0089009,           0.0027539,            0.004258,            0.004258,            0.004258,             0.40175,             0.50866,              0.2191,             0.73222,             0.48423,             0.40142,             0.70142,              0.7891,             0.32365,             0.92118,             0.73151,             0.74271
                  60,            0.021751,             0.02293,           0.0041649,             0.71934,             0.65133,             0.73383,             0.48323,            0.012256,            0.008338,            0.002562,            0.004159,            0.004159,            0.004159,             0.42404,             0.54385,             0.29405,             0.77326,             0.49666,             0.36752,             0.77047,             0.86731,             0.39338,             0.93471,             0.73435,             0.70277
                  61,            0.021623,            0.023391,           0.0034438,             0.69908,             0.68413,             0.70795,             0.47343,             0.01101,           0.0080303,           0.0026036,             0.00406,             0.00406,             0.00406,             0.44532,             0.56043,             0.28341,             0.76595,             0.44972,             0.33577,             0.73099,             0.85475,             0.37308,             0.92088,             0.72426,             0.64377
                  62,            0.021319,            0.024457,           0.0035636,             0.67192,              0.7372,             0.72791,             0.49463,            0.011104,           0.0080682,           0.0021896,            0.003961,            0.003961,            0.003961,             0.45514,             0.53202,             0.36336,             0.81482,             0.47173,             0.33069,             0.77581,             0.83462,              0.5165,             0.91877,             0.75772,             0.56406
                  63,             0.02118,            0.022393,           0.0034784,             0.79234,             0.66807,             0.73482,              0.5011,            0.011533,           0.0081249,           0.0021797,            0.003862,            0.003862,            0.003862,             0.44382,             0.50876,             0.39797,             0.79777,             0.46147,             0.39682,             0.81481,             0.79708,             0.44729,             0.93101,             0.72185,             0.69688
                  64,             0.01999,            0.022432,           0.0048093,             0.67939,             0.65183,             0.67309,             0.44095,            0.011773,           0.0085844,           0.0020497,            0.003763,            0.003763,            0.003763,             0.42459,              0.4306,             0.29526,             0.79465,             0.40812,             0.29249,             0.75161,             0.70564,              0.3845,             0.95303,             0.69126,             0.55248
                  65,            0.021458,            0.023582,           0.0039526,             0.65015,             0.68555,             0.65842,             0.43724,            0.011775,           0.0089273,           0.0022766,            0.003664,            0.003664,            0.003664,             0.42539,             0.44553,             0.27858,             0.80775,             0.41749,             0.24868,             0.75671,             0.72363,             0.35427,             0.95629,             0.70669,             0.45294
                  66,            0.022357,            0.020867,           0.0040255,             0.74928,             0.63953,             0.68487,             0.47942,            0.012493,           0.0086368,           0.0022701,            0.003565,            0.003565,            0.003565,             0.39789,             0.52072,             0.32519,             0.82828,             0.49274,              0.3117,             0.60985,             0.85294,             0.37036,             0.95949,             0.76939,             0.54719
                  67,            0.020821,            0.021723,           0.0047368,             0.68233,             0.68606,              0.6886,             0.46296,            0.011761,           0.0087033,           0.0022392,            0.003466,            0.003466,            0.003466,             0.47027,              0.5081,             0.15073,             0.82234,             0.51575,             0.31056,             0.76109,             0.83328,             0.19194,             0.94375,             0.79176,             0.60981
                  68,            0.019704,             0.02386,           0.0034384,             0.55492,             0.67991,             0.65927,             0.43783,            0.011816,           0.0086159,           0.0023435,            0.003367,            0.003367,            0.003367,             0.44203,             0.48691,            0.083732,             0.82636,             0.41931,             0.36863,             0.76349,             0.85628,            0.096284,             0.92669,             0.62931,              0.6836
                  69,            0.020129,            0.024096,           0.0039746,             0.69911,              0.6846,             0.69231,             0.46795,            0.011102,           0.0079587,           0.0020581,            0.003268,            0.003268,            0.003268,             0.44568,             0.56498,             0.14084,             0.81233,             0.38725,             0.45663,             0.78904,             0.84202,              0.2035,             0.93546,             0.64083,             0.74304
                  70,              0.0202,            0.022577,           0.0029252,             0.62851,             0.71308,             0.69223,             0.45521,            0.012263,           0.0080495,           0.0021009,            0.003169,            0.003169,            0.003169,             0.45571,             0.47212,             0.29571,             0.77254,             0.41732,             0.31786,             0.80638,             0.78408,             0.36079,              0.9262,             0.66064,              0.6153
                  71,            0.020669,            0.024301,           0.0034943,              0.8492,             0.61633,             0.72263,             0.46947,            0.011806,           0.0081225,           0.0019848,             0.00307,             0.00307,             0.00307,             0.49974,             0.50017,             0.15826,             0.75443,             0.49475,             0.40949,              0.7895,             0.85252,             0.29856,             0.93688,             0.69584,             0.76247
                  72,             0.01974,             0.02245,           0.0028906,             0.70413,              0.7375,             0.75044,             0.53167,            0.011114,           0.0076814,           0.0019317,            0.002971,            0.002971,            0.002971,             0.50577,             0.56426,             0.32054,              0.8574,              0.5027,             0.43938,             0.79234,             0.84816,             0.42986,              0.9565,             0.70537,             0.77039
                  73,            0.018309,            0.020793,           0.0033356,             0.76585,             0.69192,             0.73571,             0.49667,             0.01085,           0.0077638,           0.0019205,            0.002872,            0.002872,            0.002872,             0.42978,             0.49698,             0.36855,             0.85437,             0.44686,             0.38348,             0.77397,             0.82341,               0.445,             0.95688,             0.69546,             0.71953
                  74,            0.019818,            0.022353,           0.0034969,               0.695,             0.67116,             0.69833,             0.46306,            0.011493,           0.0078199,            0.002432,            0.002773,            0.002773,            0.002773,              0.3987,             0.51622,             0.33764,             0.83087,             0.46133,             0.23358,              0.7208,             0.86361,              0.4584,             0.96996,             0.70355,             0.47364
                  75,            0.019529,            0.021272,           0.0033085,             0.71655,             0.65885,             0.71078,             0.47808,            0.011302,           0.0083399,           0.0024365,            0.002674,            0.002674,            0.002674,             0.41719,             0.52494,             0.40474,             0.79646,             0.47972,             0.24542,             0.68728,             0.86745,               0.555,             0.94234,             0.72407,             0.48855
                  76,            0.020015,            0.020876,           0.0037621,             0.71651,             0.64302,              0.6944,             0.47536,            0.010527,           0.0077378,           0.0026212,            0.002575,            0.002575,            0.002575,             0.41477,             0.55361,             0.19822,             0.81495,             0.49992,             0.37068,             0.69669,              0.8375,             0.28957,             0.93365,             0.75252,             0.65646
                  77,            0.019997,            0.022334,           0.0028557,             0.64135,             0.66013,             0.69021,             0.45806,            0.011334,           0.0082769,           0.0026391,            0.002476,            0.002476,            0.002476,             0.38767,             0.56084,             0.18375,             0.77957,             0.46781,             0.36874,             0.71884,             0.82425,             0.27136,             0.93582,             0.74735,             0.64362
                  78,            0.018502,            0.021277,           0.0031764,             0.63678,             0.69969,             0.66948,             0.43334,            0.011305,            0.008524,           0.0024656,            0.002377,            0.002377,            0.002377,             0.35368,              0.5442,             0.14004,             0.81807,             0.43192,             0.31215,             0.68469,             0.83669,             0.26485,             0.94069,             0.67994,             0.61005
                  79,            0.018635,            0.022066,           0.0027658,             0.67061,             0.62558,             0.69208,             0.47643,            0.011186,           0.0086377,            0.002305,            0.002278,            0.002278,            0.002278,             0.40627,             0.57762,             0.38121,             0.82046,             0.40904,               0.264,             0.75509,             0.81986,             0.43919,             0.95263,             0.69054,             0.49521
                  80,            0.020338,            0.023076,           0.0043718,             0.77689,             0.58266,              0.7011,               0.494,            0.011499,           0.0087014,           0.0020084,            0.002179,            0.002179,            0.002179,             0.43795,             0.53247,             0.38785,             0.79135,             0.50893,             0.30546,             0.72146,             0.77932,             0.44762,             0.91822,             0.75113,             0.58887
                  81,            0.018648,            0.021283,           0.0024822,             0.76928,             0.60144,             0.70381,             0.46863,            0.010909,           0.0085041,           0.0017353,             0.00208,             0.00208,             0.00208,             0.44552,             0.53302,             0.31339,             0.80505,             0.44309,             0.27172,             0.74176,             0.82174,             0.44475,              0.9165,             0.72873,             0.56938
                  82,            0.018238,            0.020882,           0.0033848,             0.72469,             0.66559,             0.71453,             0.48828,            0.010797,           0.0080484,           0.0017109,            0.001981,            0.001981,            0.001981,             0.43064,             0.56271,             0.39281,             0.81838,             0.43341,             0.29172,             0.75162,             0.85324,                0.51,             0.91257,             0.71795,             0.54182
                  83,            0.018094,            0.021232,            0.002642,             0.78721,              0.6345,             0.73558,             0.51114,             0.01036,           0.0078019,           0.0019019,            0.001882,            0.001882,            0.001882,             0.42121,             0.60336,             0.42488,             0.82893,             0.44321,             0.34527,             0.74087,             0.86302,             0.57097,             0.90996,             0.70846,             0.62022
                  84,            0.016891,            0.022269,           0.0021138,             0.69979,             0.67955,             0.72549,             0.49926,            0.011245,           0.0082141,           0.0019273,            0.001783,            0.001783,            0.001783,             0.40068,             0.58259,             0.43437,             0.80486,             0.44734,             0.32573,             0.72796,             0.83542,             0.58329,              0.9037,             0.68405,             0.61852
                  85,            0.017141,            0.021112,           0.0031251,             0.75529,              0.6331,             0.70526,             0.47223,            0.011426,           0.0087341,           0.0021447,            0.001684,            0.001684,            0.001684,             0.45112,             0.56454,             0.35307,             0.79949,             0.39973,             0.26543,             0.78034,             0.85844,             0.50324,             0.91338,             0.61972,             0.55647
                  86,            0.019231,            0.021073,           0.0029628,              0.6507,             0.66309,             0.67762,             0.46701,            0.010955,           0.0083575,           0.0021594,            0.001585,            0.001585,            0.001585,              0.4303,             0.58157,             0.30373,              0.8279,             0.39681,             0.26177,             0.74696,             0.85087,             0.40443,             0.93121,             0.59412,              0.5381
                  87,            0.016904,            0.020315,           0.0019904,             0.73343,             0.66993,             0.70973,             0.49153,            0.010994,           0.0081867,            0.002285,            0.001486,            0.001486,            0.001486,              0.4097,             0.56137,               0.331,             0.84297,             0.52164,             0.28248,             0.70867,             0.88194,             0.40447,             0.94196,             0.73822,             0.58311
                  88,            0.016236,            0.021641,           0.0023474,             0.78294,             0.62479,             0.71988,             0.50054,            0.011171,           0.0082242,           0.0022526,            0.001387,            0.001387,            0.001387,             0.43519,             0.59541,             0.33236,             0.81588,             0.49685,             0.32753,             0.74407,             0.87617,             0.39799,             0.94047,             0.73119,             0.62941
                  89,            0.017632,            0.021487,           0.0029626,             0.76609,             0.65731,             0.71353,             0.48725,            0.011167,           0.0085493,           0.0020155,            0.001288,            0.001288,            0.001288,             0.41121,             0.59742,             0.33669,             0.80442,             0.45253,              0.3212,             0.75279,             0.87839,             0.39677,             0.93834,             0.69509,              0.6198
                  90,            0.018224,            0.019994,           0.0032526,             0.73607,             0.67844,              0.7269,             0.49025,              0.0111,           0.0085061,           0.0018717,            0.001189,            0.001189,            0.001189,             0.41629,             0.54837,             0.33763,             0.80932,              0.4823,             0.34759,             0.75158,             0.89254,             0.42101,             0.92597,             0.70649,              0.6638
                  91,            0.017699,            0.021247,           0.0018551,             0.76743,             0.67886,             0.73906,             0.51864,            0.010572,            0.008102,           0.0017936,             0.00109,             0.00109,             0.00109,             0.41631,             0.60816,             0.34376,             0.82964,             0.51847,             0.39549,             0.76604,             0.89012,             0.42792,             0.93683,             0.73654,             0.67692
                  92,            0.017867,            0.020257,           0.0025125,             0.76937,             0.69734,             0.73461,             0.51267,            0.010597,           0.0081195,            0.001825,            0.000991,            0.000991,            0.000991,             0.42214,             0.60801,             0.29998,             0.83594,             0.50815,             0.40181,              0.7736,             0.88635,             0.41167,             0.94078,             0.71919,             0.67609
                  93,            0.016496,            0.019418,           0.0030216,             0.73435,             0.68716,             0.73101,              0.5122,            0.010525,           0.0082053,            0.001838,            0.000892,            0.000892,            0.000892,              0.4215,             0.58271,             0.33375,             0.84626,             0.49725,             0.39173,             0.76773,             0.86591,              0.4116,             0.94824,             0.72305,             0.66955
                  94,            0.016023,            0.019066,            0.002205,             0.75581,             0.67564,             0.73373,             0.51844,            0.010565,           0.0082107,           0.0018996,            0.000793,            0.000793,            0.000793,             0.43883,             0.57907,             0.34741,             0.86486,             0.49864,             0.38182,             0.77318,                0.86,             0.41875,             0.95754,             0.75576,             0.63712
                  95,            0.018961,            0.019884,           0.0034818,             0.75096,             0.66498,             0.72163,             0.50745,            0.010594,           0.0083702,           0.0018906,            0.000694,            0.000694,            0.000694,             0.42617,             0.55789,             0.35024,              0.8617,             0.48519,             0.36353,             0.77024,             0.82818,             0.42248,             0.95489,             0.72763,             0.62635
                  96,            0.016723,             0.02212,           0.0024491,             0.75837,             0.69986,             0.73135,             0.50585,            0.010769,           0.0084042,           0.0018826,            0.000595,            0.000595,            0.000595,             0.45658,             0.55394,             0.31871,             0.84926,             0.46596,             0.39063,             0.79002,             0.83643,             0.42875,             0.94934,             0.71933,             0.66421
                  97,            0.016283,            0.019853,           0.0020394,             0.77887,             0.66909,             0.72191,             0.50433,            0.010682,           0.0084732,           0.0019193,            0.000496,            0.000496,            0.000496,             0.44324,             0.59107,             0.34882,             0.85807,                0.45,             0.33479,             0.78733,             0.86066,             0.42171,             0.95015,             0.71357,             0.59805
                  98,            0.016359,            0.019647,            0.002309,             0.78319,             0.63584,             0.72005,             0.50648,            0.010634,           0.0084898,           0.0019557,            0.000397,            0.000397,            0.000397,             0.44354,             0.58476,             0.34848,             0.86088,             0.45503,             0.34617,             0.78443,             0.84351,             0.42119,             0.95399,             0.72298,             0.59421
                  99,             0.01578,            0.020409,           0.0023555,             0.75288,             0.65064,             0.72485,             0.51631,            0.010516,           0.0084166,           0.0018856,            0.000298,            0.000298,            0.000298,             0.45535,             0.57691,             0.34792,             0.85739,             0.50214,             0.35817,             0.78306,             0.82545,             0.42041,             0.95354,             0.73821,             0.62842
